-- phpMyAdmin SQL Dump
-- version 4.1.14
-- http://www.phpmyadmin.net
--
-- Host: 127.0.0.1
-- Generation Time: Oct 11, 2016 at 08:06 PM
-- Server version: 5.6.17
-- PHP Version: 5.5.12

SET SQL_MODE = "NO_AUTO_VALUE_ON_ZERO";
SET time_zone = "+00:00";


/*!40101 SET @OLD_CHARACTER_SET_CLIENT=@@CHARACTER_SET_CLIENT */;
/*!40101 SET @OLD_CHARACTER_SET_RESULTS=@@CHARACTER_SET_RESULTS */;
/*!40101 SET @OLD_COLLATION_CONNECTION=@@COLLATION_CONNECTION */;
/*!40101 SET NAMES utf8 */;

--
-- Database: `tailor2`
--

-- --------------------------------------------------------

--
-- Table structure for table `calendar`
--

CREATE TABLE IF NOT EXISTS `calendar` (
  `id` int(11) NOT NULL AUTO_INCREMENT,
  `order` int(8) NOT NULL,
  `title` varchar(160) NOT NULL,
  `description` text NOT NULL,
  `start` datetime NOT NULL,
  `end` datetime NOT NULL,
  `allDay` varchar(5) NOT NULL,
  `color` varchar(7) NOT NULL,
  `url` varchar(255) NOT NULL,
  `category` varchar(200) NOT NULL,
  `repeat_type` varchar(20) NOT NULL,
  `user_id` int(11) NOT NULL,
  `repeat_id` int(11) NOT NULL,
  PRIMARY KEY (`id`)
) ENGINE=MyISAM DEFAULT CHARSET=utf8 AUTO_INCREMENT=1 ;

-- --------------------------------------------------------

--
-- Table structure for table `customer`
--

CREATE TABLE IF NOT EXISTS `customer` (
  `id` int(11) NOT NULL AUTO_INCREMENT,
  `fullname` varchar(255) NOT NULL,
  `phonenumber` varchar(255) NOT NULL,
  `address` varchar(255) NOT NULL,
  `sex` tinyint(2) NOT NULL,
  `email` varchar(100) NOT NULL,
  `comment` text NOT NULL,
  `city` varchar(100) NOT NULL,
  PRIMARY KEY (`id`)
) ENGINE=InnoDB DEFAULT CHARSET=latin1 AUTO_INCREMENT=1 ;

-- --------------------------------------------------------

--
-- Table structure for table `documents`
--

CREATE TABLE IF NOT EXISTS `documents` (
  `id` int(11) NOT NULL AUTO_INCREMENT,
  `title` varchar(50) NOT NULL,
  `detail` varchar(255) NOT NULL,
  `img` varchar(255) NOT NULL,
  PRIMARY KEY (`id`)
) ENGINE=MyISAM DEFAULT CHARSET=latin1 AUTO_INCREMENT=1 ;

-- --------------------------------------------------------

--
-- Table structure for table `email`
--

CREATE TABLE IF NOT EXISTS `email` (
  `id` int(8) NOT NULL AUTO_INCREMENT,
  `customer` varchar(100) NOT NULL,
  `message` text NOT NULL,
  `date` date NOT NULL,
  PRIMARY KEY (`id`)
) ENGINE=InnoDB DEFAULT CHARSET=latin1 AUTO_INCREMENT=1 ;

-- --------------------------------------------------------

--
-- Table structure for table `expcat`
--

CREATE TABLE IF NOT EXISTS `expcat` (
  `id` int(11) NOT NULL AUTO_INCREMENT,
  `title` varchar(255) NOT NULL,
  PRIMARY KEY (`id`)
) ENGINE=MyISAM  DEFAULT CHARSET=latin1 AUTO_INCREMENT=12 ;

--
-- Dumping data for table `expcat`
--

INSERT INTO `expcat` (`id`, `title`) VALUES
(1, 'Material Purchase'),
(2, 'Staff Salary'),
(3, 'Rent'),
(4, 'Staff Incentive'),
(5, 'Machine Purchase'),
(6, 'Machine Maintenance and Repair'),
(7, 'Electricity'),
(8, 'Generator Fuel'),
(9, 'Generator Maintenance'),
(10, 'Tax, Dues, Security, Waste'),
(11, 'Needle, Tread, Accessory Purchase');

-- --------------------------------------------------------

--
-- Table structure for table `expense`
--

CREATE TABLE IF NOT EXISTS `expense` (
  `id` int(11) NOT NULL AUTO_INCREMENT,
  `expcat` int(8) NOT NULL,
  `description` varchar(255) NOT NULL,
  `date` date NOT NULL,
  `amount` int(8) NOT NULL,
  PRIMARY KEY (`id`)
) ENGINE=MyISAM DEFAULT CHARSET=latin1 AUTO_INCREMENT=1 ;

-- --------------------------------------------------------

--
-- Table structure for table `general_setting`
--

CREATE TABLE IF NOT EXISTS `general_setting` (
  `id` int(11) NOT NULL AUTO_INCREMENT,
  `sitename` varchar(255) NOT NULL,
  `email` varchar(255) NOT NULL,
  `mobile` varchar(255) NOT NULL,
  `currency` varchar(4) CHARACTER SET utf8 NOT NULL,
  `sms` varchar(255) NOT NULL DEFAULT '0',
  PRIMARY KEY (`id`)
) ENGINE=MyISAM  DEFAULT CHARSET=latin1 AUTO_INCREMENT=2 ;

--
-- Dumping data for table `general_setting`
--

INSERT INTO `general_setting` (`id`, `sitename`, `email`, `mobile`, `currency`, `sms`) VALUES
(1, 'SARU TECH', 'agbonayeosaru@gmail.com', '07068242918', '$', ' http://sms.marketnaija.com//API/?action=compose&username=mamama&api_key=aaaaaa999999ddddd&sender=sarutech&to=[TO]&message=[MESSAGE] Just Fill Up the full text from your sms api service with replace message with[MESSAGE] and To-Phonenumber with [TO]');

-- --------------------------------------------------------

--
-- Table structure for table `inccat`
--

CREATE TABLE IF NOT EXISTS `inccat` (
  `id` int(11) NOT NULL AUTO_INCREMENT,
  `title` varchar(255) NOT NULL,
  PRIMARY KEY (`id`)
) ENGINE=MyISAM  DEFAULT CHARSET=latin1 AUTO_INCREMENT=7 ;

--
-- Dumping data for table `inccat`
--

INSERT INTO `inccat` (`id`, `title`) VALUES
(1, 'Sew  New Cloth'),
(2, 'Repair Cloth'),
(4, 'Training and Tutor'),
(5, 'Machine Repair'),
(6, 'Mass Production');

-- --------------------------------------------------------

--
-- Table structure for table `income`
--

CREATE TABLE IF NOT EXISTS `income` (
  `id` int(11) NOT NULL AUTO_INCREMENT,
  `inccat` int(8) NOT NULL,
  `description` varchar(255) NOT NULL,
  `date` date NOT NULL,
  `amount` int(8) NOT NULL,
  PRIMARY KEY (`id`)
) ENGINE=MyISAM DEFAULT CHARSET=latin1 AUTO_INCREMENT=1 ;

-- --------------------------------------------------------

--
-- Table structure for table `measurement`
--

CREATE TABLE IF NOT EXISTS `measurement` (
  `measurement_id` int(11) NOT NULL AUTO_INCREMENT,
  `customer_id` int(11) NOT NULL,
  `part_id` int(8) NOT NULL,
  `measurement` varchar(255) NOT NULL,
  PRIMARY KEY (`measurement_id`)
) ENGINE=InnoDB DEFAULT CHARSET=latin1 AUTO_INCREMENT=1 ;

-- --------------------------------------------------------

--
-- Table structure for table `order`
--

CREATE TABLE IF NOT EXISTS `order` (
  `id` int(8) NOT NULL AUTO_INCREMENT,
  `customer` int(8) NOT NULL,
  `description` varchar(255) CHARACTER SET latin1 NOT NULL,
  `amount` decimal(11,2) NOT NULL,
  `paid` decimal(11,2) NOT NULL,
  `balance` decimal(11,2) NOT NULL,
  `received_by` int(11) NOT NULL,
  `date_received` date DEFAULT NULL,
  `completed` varchar(10) DEFAULT 'No',
  `date_collected` date DEFAULT NULL,
  PRIMARY KEY (`id`)
) ENGINE=InnoDB DEFAULT CHARSET=utf16 AUTO_INCREMENT=1 ;

-- --------------------------------------------------------

--
-- Table structure for table `part`
--

CREATE TABLE IF NOT EXISTS `part` (
  `id` int(11) NOT NULL AUTO_INCREMENT,
  `title` varchar(50) NOT NULL,
  `type` int(11) NOT NULL,
  `description` text NOT NULL,
  `image` varchar(50) NOT NULL,
  PRIMARY KEY (`id`)
) ENGINE=InnoDB  DEFAULT CHARSET=latin1 AUTO_INCREMENT=66 ;

--
-- Dumping data for table `part`
--

INSERT INTO `part` (`id`, `title`, `type`, `description`, `image`) VALUES
(3, 'NECK', 7, '  Place two fingers between the tape measure and the neck as the pictures show, and make sure you can move the tape easily. Do not tighten the tape measure. Make sure that the tape is at the base of the neck where the neck and shoulders meet or at the height where the collar would be if you were wearing a shirt.', 'neck.jpg'),
(4, 'CHEST', 1, ' Stand up straight, relax and take deep breath with hands down at your side. The chest measurement should be taken around the chest under the armpits. Make sure the tape is parallel and you can move the tape easily. Do not tighten the tape measure. Avoid having thick clothes on when measuring.', 'chest.jpg'),
(5, 'WAIST', 1, ' Stand up in a relaxed posture, do not hold your breath or hold your stomach in. If you do not have beer belly, the waist measurement should be taken around the waist at the narrowest point. If you have beer belly, you should measure the widest point. Make sure you can move the tape easily. Do not tighten the tape measure.', 'waist.jpg'),
(6, 'HIPS', 1, ' Take out all of the stuff in the front and back pockets your trouser. The hip measurement should be taken around the hips at the widest point. Stand up in a relaxed posture, and keep the tape parallel. Do not tighten the tape measure. Make sure you can move the tape easily. ', 'hips.jpg'),
(7, 'SHOULDER', 1, ' Stand up in a relaxed posture. Measure across the top of the shoulder from one edge to the other. Ensure you take the curved contour over the top of the shoulders as shown. If you are wearing your best fitted shirt measure up to the shoulder seams', 'shoulder.jpg'),
(8, 'SLEEVE LENGTH', 1, ' The sleeve measurement should be taken from exactly the same point you used earlier for the "Shoulder" measurement. Measure from tip of shoulder to a point at the wrist where you want the sleeve to end. Do not bend your arms. If you want to match your dress shirt with a suit, you should measure the suit sleeve length you want, and then add one (1) centimeter .That will be the shirt''s sleeve length.\n', 'sleeve-length.jpg'),
(9, 'SHORT SLEEVE LENGTH ', 1, ' Measure with arm at your side, from the tip of the shoulder to a point on the outside of the arm where you want the sleeve to end. ', 'short-sleeve-length.jpg'),
(10, 'WRIST/CUFF ', 1, ' Measure the actual wrist size around your wrist bone. You may also consider adding ¼" to ½" to your size if you wear medium to heavier watches. ', 'wrist-cuff.jpg'),
(11, 'BICEP ', 1, ' widest point. This is normally taken about 15cm to 18 cm from the tip of the shoulder seam. This is the sleeve width of the largest part of your arm. **Do not flex your bicep.** ', 'biceps.jpg'),
(12, 'SHIRT LENGTH ', 1, ' Stand up in a relaxed posture. Measure from the topmost point of the shoulder at a point near the nape at the collar seam, along the front of your body, to a point where you want the shirt to end. ', 'shirt-length.jpg'),
(13, ' ARMHOLE ', 1, ' Place the tape measure under your armpit and around the top of your arm. To ensure a comfortable fit, take the armhole measurement with one finger inside the tape measure. ', 'arm-hole.jpg'),
(14, 'WAIST', 3, ' Wearing trousers and a shirt put the measuring tape around your waist at the height were you would wear your pants and adjust to your designed snugness with room for a finger. Make sure the tape is snug and does not ride over the waistband but you should be able to put your index finger inside the tape.  ', 'touser-waist.jpg'),
(15, 'HIPS ', 3, ' Wearing trousers, measure around the fullest part of your hips, placing a finger between your body and the tape. Make sure the tape is straight at all times. Make sure your pockets are empty and the tape is not restrictive. As a guide, you should not make the tape too snug. You only just need to be able to feel the tape when measuring.', 'touser-hip.jpg'),
(16, 'CROTCH', 3, ' Measure from the top middle of the back pants waist (see point A) all along the crotch seam through your legs until the top of front waist (see point B)', 'touser-crotch.jpg'),
(17, 'THIGH WIDTH ', 3, ' Wearing trousers, empty your pockets then, start at the top of your inseam, measure around your thigh with room for a finger.', 'touser-thigh-width..jpg'),
(18, 'TROUSER LENGTH', 3, ' Measure from the top of pants waist all along the side pant seam until the bottom of your pants or roughly 1 inch from the ground', 'touser-length.jpg'),
(19, ' INSEAM ', 3, ' Measure from the lowest part of your crotch area to the floor.  Make sure the tape is tight along the inside of your leg, that you are standing straight, and then measure.  No shoes please! ', 'touser-inseam.jpg'),
(20, ' KNEE ', 3, ' Measure around your knee at its widest point.  You need only measure one knee', 'touser-knee.jpg'),
(21, 'HALF HEM ', 3, ' Measure the width you want for the bottom of your trousers. ', 'touser-crotch-half-hem.jpg'),
(22, 'SHIRT LENGTH ', 2, ' Take the measure from the highest part of your shoulder (next to the collar) to the longest part of the shirt. See image on the left. ', 'shirt-length.jpg'),
(23, 'SHOULDER WIDTH ', 2, ' Measure the distance from one shoulder to the other, the measuring tape has to start and finish one centimeter before the end of your shoulder. See picture on the left. ', 'shoulder-width.jpg'),
(24, 'NECK', 2, ' Measure around your neck. Adjust the measuring tape to your preferred looseness. It is very important to introduce a finger between your body and the tape. ', 'neck.jpg'),
(25, 'CHEST', 2, ' Measure around the widest part of your chest (put the measuring tape on both nipples). Let loose so that you can put a finger between your body and the tape. Make sure that the tape is at an even height all the way around. ', 'chest.jpg'),
(26, ' BICEP ', 2, ' Measure around the widest part of your bicep. Let loose so that you can put a finger between your body and the tape. ', 'bicep.jpg'),
(27, 'WRIST', 2, ' Measure around the wrist leaving one finger of space to take the measurement. ', 'wrist.jpg'),
(28, 'SLEEVE', 2, ' ', 'sleeve.jpg'),
(29, 'SHORT SLEEVE ', 2, ' ', 'short-sleeve.jpg'),
(30, '¾ SLEEVE ', 2, ' ', '3-4-sleeve.jpg'),
(31, 'WAIST', 2, ' ', 'waist.jpg'),
(32, 'STOMACH ', 2, ' ', 'stomach.jpg'),
(33, ' HIPS ', 2, ' ', 'hips.jpg'),
(34, ' BREAST POINT ', 2, ' Measure from the highest point of your shoulder, to the breast point (the most outstanding part of your breast). ', 'breast.jpg'),
(35, 'WAIST POINT ', 2, ' ', 'waist-point.jpg'),
(36, 'SLEEVE HOLE ', 2, ' ', 'sleeve-hole.jpg'),
(37, 'BUST', 2, ' ', 'bust.jpg'),
(38, 'NECK', 6, ' ', 'neck.jpg'),
(39, 'CHEST', 6, ' ', 'chest.jpg'),
(40, 'STOMACH ', 6, ' ', 'stomach.jpg'),
(41, 'WAIST', 6, ' ', 'waist.jpg'),
(42, 'HIPS', 6, ' ', 'hips.jpg'),
(43, 'SHOULDER', 6, ' ', 'shoulder.jpg'),
(44, 'JACKET LENGTH', 6, ' ', 'jacket-lenght.jpg'),
(45, 'SLEEVE LENGTH', 6, ' ', 'sleeve-length.jpg'),
(46, 'BICEP ', 2, ' ', 'biceps.jpg'),
(47, 'WRIST', 6, ' ', 'wrist.jpg'),
(48, ' VEST LENGTH ', 6, ' ', 'vest-lenght.jpg'),
(49, 'CROTCH', 6, ' ', 'crotch.jpg'),
(50, 'THIGH WIDTH ', 6, ' ', 'thigh-width.jpg'),
(51, 'TROUSER LENGTH', 6, ' ', 'pant-length.jpg'),
(52, 'INSEAM', 6, ' ', 'inseam.jpg'),
(53, 'KNEE', 6, ' ', 'knee.jpg'),
(54, 'HALF HEM ', 6, ' ', 'half-hem.jpg'),
(55, 'WAIST', 4, '  ', 'skirtwaist.png'),
(56, 'WAIST TO HIP HEIGHT', 4, '   ', 'skirthip1.png'),
(57, 'LENGHT', 4, 'Women  Skirt Lenght', 'skirtlenght.png'),
(58, 'HALLOW TO HEM', 5, 'HALLOW TO HEM', 'gown.jpg'),
(59, 'HIP WIDTH', 4, '  ', 'skirthip2.png'),
(60, 'BURST', 5, ' ', 'gown.jpg'),
(61, 'WAIST', 5, ' ', 'gown.jpg'),
(62, 'HIP', 5, ' ', 'gown.jpg'),
(63, 'Hcig', 14, ' ', ''),
(64, '', 1, ' ', ''),
(65, 'Water', 1, ' jk.;l', '');

-- --------------------------------------------------------

--
-- Table structure for table `sms`
--

CREATE TABLE IF NOT EXISTS `sms` (
  `id` int(8) NOT NULL AUTO_INCREMENT,
  `customer` varchar(100) NOT NULL,
  `message` text NOT NULL,
  `date` date NOT NULL,
  PRIMARY KEY (`id`)
) ENGINE=InnoDB DEFAULT CHARSET=latin1 AUTO_INCREMENT=1 ;

-- --------------------------------------------------------

--
-- Table structure for table `staff`
--

CREATE TABLE IF NOT EXISTS `staff` (
  `id` int(8) NOT NULL AUTO_INCREMENT,
  `stafftype` int(8) NOT NULL,
  `fullname` varchar(255) NOT NULL,
  `address` varchar(255) NOT NULL,
  `phonenumber` varchar(50) NOT NULL,
  `salary` int(8) NOT NULL,
  PRIMARY KEY (`id`)
) ENGINE=InnoDB DEFAULT CHARSET=latin1 AUTO_INCREMENT=1 ;

-- --------------------------------------------------------

--
-- Table structure for table `stafftype`
--

CREATE TABLE IF NOT EXISTS `stafftype` (
  `id` int(11) NOT NULL AUTO_INCREMENT,
  `title` varchar(255) NOT NULL,
  PRIMARY KEY (`id`)
) ENGINE=MyISAM  DEFAULT CHARSET=latin1 AUTO_INCREMENT=5 ;

--
-- Dumping data for table `stafftype`
--

INSERT INTO `stafftype` (`id`, `title`) VALUES
(1, 'Tailor'),
(2, 'Counter'),
(3, 'Security'),
(4, 'Manager');

-- --------------------------------------------------------

--
-- Table structure for table `template`
--

CREATE TABLE IF NOT EXISTS `template` (
  `id` int(8) NOT NULL AUTO_INCREMENT,
  `title` varchar(255) NOT NULL,
  `msg` text NOT NULL,
  PRIMARY KEY (`id`)
) ENGINE=InnoDB  DEFAULT CHARSET=latin1 AUTO_INCREMENT=2 ;

--
-- Dumping data for table `template`
--

INSERT INTO `template` (`id`, `title`, `msg`) VALUES
(1, 'Collect Your Clothes', 'Your Clothes are ready for collection. Thanks for your patronage');

-- --------------------------------------------------------

--
-- Table structure for table `type`
--

CREATE TABLE IF NOT EXISTS `type` (
  `id` int(8) NOT NULL AUTO_INCREMENT,
  `title` varchar(50) NOT NULL,
  `sex` tinyint(2) NOT NULL,
  PRIMARY KEY (`id`)
) ENGINE=InnoDB  DEFAULT CHARSET=latin1 AUTO_INCREMENT=36 ;

--
-- Dumping data for table `type`
--

INSERT INTO `type` (`id`, `title`, `sex`) VALUES
(1, 'SHIRT', 1),
(2, 'BLOUSE', 1),
(3, 'TROUSER', 0),
(4, 'SKIRT', 1),
(5, 'GOWN', 1),
(6, 'SUIT', 0);

-- --------------------------------------------------------

--
-- Table structure for table `users`
--

CREATE TABLE IF NOT EXISTS `users` (
  `id` int(11) NOT NULL AUTO_INCREMENT,
  `username` varchar(255) NOT NULL,
  `password` varchar(64) NOT NULL,
  PRIMARY KEY (`id`),
  UNIQUE KEY `username` (`username`)
) ENGINE=InnoDB  DEFAULT CHARSET=utf8 AUTO_INCREMENT=3 ;

--
-- Dumping data for table `users`
--

INSERT INTO `users` (`id`, `username`, `password`) VALUES
(1, 'admin', '21232f297a57a5a743894a0e4a801fc3'),
(2, 'testuser', '8cb2237d0679ca88db6464eac60da96345513964');

/*!40101 SET CHARACTER_SET_CLIENT=@OLD_CHARACTER_SET_CLIENT */;
/*!40101 SET CHARACTER_SET_RESULTS=@OLD_CHARACTER_SET_RESULTS */;
/*!40101 SET COLLATION_CONNECTION=@OLD_COLLATION_CONNECTION */;
